Model,Image Compression,Train Image Size,Test Image Size,Training Accuracy,Test Accuracy,True Negative,False Positive,False Negative,True Positive,Train Time,Test Time
DenseNet,nearest,224,128,0.4965993198639728,0.4991998399679936,112,4887,120,4879,34.58166,7353.93476
DenseNet,nearest,224,128,0.9296859371874375,0.5184036807361472,208,4791,24,4975,31.221351,6932.5628209999995
DenseNet,box,224,128,0.9296859371874375,0.5341068213642729,414,4585,73,4926,29.49706900000001,6969.182325999999
DenseNet,lanczos,224,128,0.9296859371874375,0.5416083216643328,513,4486,97,4902,30.75868300000002,7008.350725
DenseNet,nearest,224,128,0.875,0.078125,5,59,0,0,30.068261999999997,48.180715000000006
DenseNet,nearest,224,128,0.875,0.078125,5,59,0,0,32.056115,46.653674
DenseNet,box,224,128,0.875,0.125,8,56,0,0,34.413127,47.45336599999999
DenseNet,lanczos,224,128,0.875,0.15625,10,54,0,0,35.296355000000005,49.045604999999995
DenseNet,hamming,224,128,0.875,0.140625,9,55,0,0,32.09663500000002,49.67831899999999
