Model,Image Compression,Train Image Size,Test Image Size,Training Accuracy,Test Accuracy,True Negative,False Positive,False Negative,True Positive,Train Time,Test Time
DenseNet,nearest,224,128,0.9296859371874375,0.5184036807361472,208,4791,24,4975,31.221351,6932.5628209999995
DenseNet,box,224,128,0.9296859371874375,0.5341068213642729,414,4585,73,4926,29.49706900000001,6969.182325999999
DenseNet,lanczos,224,128,0.9296859371874375,0.5416083216643328,513,4486,97,4902,30.75868300000002,7008.350725

